Apple 아이폰 13 256GB [자급제],"1,130,000원",https://cr.shopping.naver.com/adcr.nhn?x=JKFjHh5XYd46wwNBSg1Yzf%2F%2F%2Fw%3D%3DsBRo6Sd%2FWzeDfyv81RO7uCLpQ1Q4D7%2BVlwz0a5mnNpLxhJz9H0Ub4KLvuVTVtNMxMH3XV4%2B8ug3yz4jeDb2SKnj90Q5IQhq%2FdcPN3twaCBQBnPYDEpxMrRqB%2By95sw1r5K1jpvzoguxb8jcrg2pBObci30QtKP1mA7BYZPpxeJLexWvZfe2todmJfmpbNrXnqXKJBKazWTMr3TF%2BX7oeAGbix7jXt7MNVc9AIu4EfDZlNEwRr%2B3STfYHGn%2FB5b3e4hEtjLLV%2B%2B7l9fyelou9hY%2B2oiYUcFh2AHd%2FVC1pOBQ0QhkkHXK4%2FmSRy5icYE%2F27ZC%2BSXUxwyLUckntucAABtRyhYBAOCU2sOxDy06xY6rI6JIeyjRJJG8AQSjlBThBKRuaDR2LrEXFDwvTptY5wkd42zEVOHkRt1m9hvixzMvciNvEAyH7XT6ObGe95mRdUsw%2FEBFoDxdMAZ4HSpGP%2F1sbbTrOhMmQpEkp4UEtzKmSE4FQdvRmo7oxOSvwywmch%2BPn%2F0%2FsFFiwjT7S5BsR0E2kBqENm4brsuZ1VppozJYYRpOFzCbaM6OU97uoPifjr%2BAQeJlxQaSmXu2%2Fr%2F3%2FS7cVYrn2qzsVjl21zBSvosSzHICEQpPL7Rm%2B2fyhjEhHR&nvMid=29029192591&catId=50001519
Apple 아이폰 13 프로 256GB [자급제],"1,445,300원",https://cr.shopping.naver.com/adcr.nhn?x=h1wI4F8ys3eNCGfmaRDUgP%2F%2F%2Fw%3D%3Dscdgv73DiNeB8c%2Btn1FVCFjm1RE9z2b4yORVj9izZoH5hJz9H0Ub4KLvuVTVtNMxM3U2XyWPpDokA%2B%2BH9x1Icnj90Q5IQhq%2FdcPN3twaCBQBnPYDEpxMrRqB%2By95sw1r5K1jpvzoguxb8jcrg2pBObci30QtKP1mA7BYZPpxeJLexWvZfe2todmJfmpbNrXnq6b4twwZe%2FXnN8SL9cd67Sbix7jXt7MNVc9AIu4EfDZlNEwRr%2B3STfYHGn%2FB5b3e4hEtjLLV%2B%2B7l9fyelou9hY%2B2oiYUcFh2AHd%2FVC1pOBQ0QhkkHXK4%2FmSRy5icYE%2F27%2FhDyiXZ86Jo%2BZEQ64BV62eUc%2Bc00HFp88YN3Nz1h6D46JIeyjRJJG8AQSjlBThBKRuaDR2LrEXFDwvTptY5wkZQ0kdVDVx78Dl8rIX%2F%2Fn%2B4iNvEAyH7XT6ObGe95mRdUsw%2FEBFoDxdMAZ4HSpGP%2F1rHmR2kvzsEsl54XiSgYGYgi5HSrzhhCOMWuXdZxvGXvk9L6rt0SOVsUsc5EylGdlVC4UcWk4Fj%2BaFmwY5q0pTKhYZ%2FhI%2FkN84je6k%2F%2BbfyXHONNxfChUzyWuEvqKDLzctx3qwb9pI6yOSeUkzlSwvHHICEQpPL7Rm%2B2fyhjEhHR&nvMid=29030492586&catId=50001519
Apple 아이폰 13 프로 128GB [자급제],"1,309,770원",https://cr.shopping.naver.com/adcr.nhn?x=RoJy20CUIX4cWEE7%2FNfQIf%2F%2F%2Fw%3D%3DsMs1ZkPtfcDY1YibYAX0psPN6fWCsyvyUANuNMxJcPHsbsBKbbjTB%2BBCjsLv6tz%2BjGw0XoXhsYET63%2FCIttpjDp0vJSHQdonKEpkDDqa8ItlYsPyg1ZYOUXAon0hLkOTXbsrlg%2BRsArvBLLsC7kQ1lkgAn8lD2%2BxrgblrBqYwPdWug%2B9sjA7rHdeMLkY%2BwIMU07oJ3o0uS6qCsqzVDCUSCzQZD6UDT51Dg8nNb9lI8fV%2BFLPJmN7kd5F0maTGsL0cZ7Mtmk%2BAFEPjmDnQRu7TcUw5S%2FT8jQgN0R79EiTioaak6v2w9jBqMGR4TTsgYaQnlII%2ByYYqWVu3SSXxcjEJdOqHwYfnyXbtOQvjt5bwqfNqLzcRVswO%2FNXTrA15l4GNbF4OZVL2Q%2FcwuxYvViSThyV5D4SUbxgjy9f63GO3SxOcPfwzF9ktWcxdrcTtO8KUh7eRXhvx%2B18MP%2FzLgC0qJRZQL3TdB6ucCZA%2FS9JD78J1I8EDCh5n2RBrPUf%2BYM4BX8a%2FHvPOPEuDd1Ce%2FzZYNeht%2BoeeXOQBtyfzQUkf7ELi0RHhj6QXo8fBoVOwgE4%2ByD9SHVzxR71Wjlvmga%2FOryLcfmyJr89VnkplMhKZG%2FtWhZ3SMHTcLlpircdRzUgq1JIslBmdxaTx7xO1%2BPPoWw%3D%3D&nvMid=29030420587&catId=50001519
Apple 아이폰 13 128GB [자급제],"1,024,650원",https://cr.shopping.naver.com/adcr.nhn?x=B4mU%2FPf3N44F%2BFJxqrnwcP%2F%2F%2Fw%3D%3DsU1Em9QARfBXekAJOOZsiU5Dz1snn0JBRso%2FhkSrC2fdhJz9H0Ub4KLvuVTVtNMxM6uxZXaG%2Bo5BS6R40RBc8mT90Q5IQhq%2FdcPN3twaCBQBnPYDEpxMrRqB%2By95sw1r5K1jpvzoguxb8jcrg2pBObci30QtKP1mA7BYZPpxeJLexWvZfe2todmJfmpbNrXnqNGdmVqT0qJ11casXr%2FJUjrix7jXt7MNVc9AIu4EfDZlNEwRr%2B3STfYHGn%2FB5b3e4hEtjLLV%2B%2B7l9fyelou9hY%2B2oiYUcFh2AHd%2FVC1pOBQ0QhkkHXK4%2FmSRy5icYE%2F27%2FhDyiXZ86Jo%2BZEQ64BV62eP5VhZopBaUMh%2F%2FCEI1sk46JIeyjRJJG8AQSjlBThBKRuaDR2LrEXFDwvTptY5wkYlqjdwzO%2FwaMzYHXwUxQCkiNvEAyH7XT6ObGe95mRdUsw%2FEBFoDxdMAZ4HSpGP%2F1pKTb8buH5c0P7SGbDtxloeE4FQdvRmo7oxOSvwywmchv2RrNvQoxhdtPAq%2B9LODbao4bnv46ZjPJ4gr8WYC%2BjURpOFzCbaM6OU97uoPifjres1zPhfyTxa9cAFfhtMBgO8phT0OnJ5EJV4%2BtwRZeYIdHI8FZtQVGFZJxOyBDKc%2B&nvMid=29030374587&catId=50001519
Apple 아이폰 13 미니 128GB [자급제],"892,920원",https://cr.shopping.naver.com/adcr.nhn?x=%2B0oLgpJdI%2Fz4GW3EOa2%2F1f%2F%2F%2Fw%3D%3Ds1KTGsj5YUJUifdyibpReh1qhwcrvXz5d1bW2%2F5f%2BegJWQE1WikGGRjsm7ORTamZ7yIszNyODxq00E7LxNMAzi6V5P852Tho3ZS2KKB2xjxFj31BCno%2FP0FyL1mg9my8sQ6bC0oEimIV4teoVJaDD90Pg%2F6PYJW9LpCSumzPJoiiI9aZyW4hhCgmcrsQhWGWGoDvSF0ti4vm%2FgippbT9zgPKAXVfyDB1yTbVYYpYzcFnUHxlEatbmVq7jmztE%2FywsZzo7TB53UHMCECIgmw21pdstajnLQRWnGlOOlt9%2FpKgHs%2F2PHkpmvWjL2qy1nHub0OEHojS12qxUCKehpgJUmclUiS3a48Z0ZIFhYf4FQvZKjRp2D9pkBhcJdqPQCXkTa7BVwfXnHeqIFOcSljWjcM%2BuBxawZkbtQren76JDlZQLSv5SYzis5SVdiBAX6a8Rg4OPtThFM2yPBsnrKnNGzzXV372DPAp4J4PkHemM8CqZZd0C6e2Zyps4U6T5DErBvcQeIaAGIIQRnJcrzv7qxdEC6Cg2V%2Fl6W9NZ6P7qTnkNauEcRynSn%2F8orOK7nc90U7UZ5mJK7fANQFN1Cv2gCVWfh%2FGSjQOKR9xvrDKaGP6FbDf4gHI5rSMJU1BWcIOg&nvMid=29030650586&catId=50001519
Apple 아이폰 13 미니 256GB [자급제],"1,079,100원",https://cr.shopping.naver.com/adcr.nhn?x=4j0jjmgbX1I%2Bs8J3H18Gnf%2F%2F%2Fw%3D%3Ds0rJTOSiDeI7vpNxnwMfYJ8lgtitpVlP0qKOeJIbo%2FFRWQE1WikGGRjsm7ORTamZ7FvEYI4V%2B3Bg3vaVztkUcmaV5P852Tho3ZS2KKB2xjxFj31BCno%2FP0FyL1mg9my8sQ6bC0oEimIV4teoVJaDD90Pg%2F6PYJW9LpCSumzPJoiiI9aZyW4hhCgmcrsQhWGWGEhUbZ%2FNZ8avqUf6HuykXvPKAXVfyDB1yTbVYYpYzcFnUHxlEatbmVq7jmztE%2FywsZzo7TB53UHMCECIgmw21pdstajnLQRWnGlOOlt9%2FpKgHs%2F2PHkpmvWjL2qy1nHub21KXhGD2D5vY6SPSWX9CRgnjcqn8RwfsxHkxY3VZsmhKjRp2D9pkBhcJdqPQCXkTMM1plBQtkhaEWAH4rmffCHGPTx6ShVHv2wQJF8zHRbwLSv5SYzis5SVdiBAX6a8Rg4OPtThFM2yPBsnrKnNGz2rmButq64KTClYrJqqBljSZZd0C6e2Zyps4U6T5DErBvcQeIaAGIIQRnJcrzv7qxTuR0GRdjAbma2r0Aki24NytqaMHAJkj0DAJXiYJNZCZvZXn7tjYg97jU7L8buxmbjtRT1c5UTnTNpG7b%2FXSbKzLVWGr8fvvH1mWvUgXPK6j&nvMid=29030437590&catId=50001519
Apple 아이폰 13 프로 맥스 256GB [자급제],"1,630,000원",https://cr.shopping.naver.com/adcr.nhn?x=7Cmw4IQHYBUuXQ%2BfVTanOP%2F%2F%2Fw%3D%3DsM9tCf9DBxj6RdJZxwzLymFQ061PqVkPit1GP3HoWssJhJz9H0Ub4KLvuVTVtNMxMvXgU665r8f54Xs%2Fh0EmrID90Q5IQhq%2FdcPN3twaCBQBnPYDEpxMrRqB%2By95sw1r5K1jpvzoguxb8jcrg2pBObci30QtKP1mA7BYZPpxeJLexWvZfe2todmJfmpbNrXnqiTiHgV17tngZX6ODLdebGbix7jXt7MNVc9AIu4EfDZlNEwRr%2B3STfYHGn%2FB5b3e4hEtjLLV%2B%2B7l9fyelou9hY%2B2oiYUcFh2AHd%2FVC1pOBQ0QhkkHXK4%2FmSRy5icYE%2F27BW36r4QZshREfg%2B3vq7RNmidIcgsgA489NmZJ6ZzHH06JIeyjRJJG8AQSjlBThBKRuaDR2LrEXFDwvTptY5wkZ9EHSgh%2F%2FoizR2LmfrmEvgiNvEAyH7XT6ObGe95mRdUsw%2FEBFoDxdMAZ4HSpGP%2F1tL2yaoxAGlqznjSfaC69RlHvnooNqPrYNxtJrDRXqeG8jR8gVF8FlQ9pItE8Zzc8g3KT%2FeNyfbGq0atePIzpwAFh0%2FKR0YqXlNcDWvScJc5jr%2Fvhuz%2FM2bOeEg7k3nONXZnkGNKpYv2n7rxtLGKton0UbNk5di1V8jUMbmtHii%2FBq7h9PA5SrIXrcWPClBGWw%3D%3D&nvMid=29030294588&catId=50001519
Apple 아이폰 13 프로 맥스 128GB [자급제],"1,490,000원",https://cr.shopping.naver.com/adcr.nhn?x=6D%2FITTyRm3ttbGICF8BFLP%2F%2F%2Fw%3D%3DsT0%2B0ABAj5ryqmsFRSjdbL5vPbNDKQy49GVsjLByuHDpWQE1WikGGRjsm7ORTamZ7k%2B5YMzrIUEjwiFqKgxsjeaV5P852Tho3ZS2KKB2xjxFj31BCno%2FP0FyL1mg9my8sQ6bC0oEimIV4teoVJaDD90Pg%2F6PYJW9LpCSumzPJoiiI9aZyW4hhCgmcrsQhWGWGhHspihOVp8HjBCkc%2F5FPbvKAXVfyDB1yTbVYYpYzcFnUHxlEatbmVq7jmztE%2FywsZzo7TB53UHMCECIgmw21pdstajnLQRWnGlOOlt9%2FpKgHs%2F2PHkpmvWjL2qy1nHubsAD3ZCer%2BPL7YK6hre4XJQSyJQ1wmB%2FGC5MlEgiaecZKjRp2D9pkBhcJdqPQCXkTTnW3yIF%2Bz51ob0Yyo7%2FKwZ6XZBt1xwiSG7aryhXnhA8LSv5SYzis5SVdiBAX6a8RKlG0H56J6GhRAoCVIyo%2FGUAVJpqBLiiByEqDGwZ5AOMPVL%2B%2Frl5PLPXtI0kaP8PkmKdeEMdUbtmzDI4Aa7HQcYTSWbb45WGOg3KSJ9f0heAbsgndznEvze9wA%2FueOqA1q08yIC9q9DVWOYDTyVwfXPt%2BhlJDtrtNcj7Q1ew7MycDfkLIyuldBS3f8m8e6nLmzUhNzs2VE%2B%2Bisqs3JAEppg%3D%3D&nvMid=29030367587&catId=50001519
Apple 아이폰 13 미니 512GB [자급제],"1,267,000원",https://cr.shopping.naver.com/adcr.nhn?x=RxUfsnRfAm0RuDEPs523yv%2F%2F%2Fw%3D%3DsZXqVPbTLMFdp0lfJU%2BKza6mkJ6NfCTcu4%2FvMklG6NjphJz9H0Ub4KLvuVTVtNMxMlNWfhv1rBRgysZbNwXsUtD90Q5IQhq%2FdcPN3twaCBQBnPYDEpxMrRqB%2By95sw1r5K1jpvzoguxb8jcrg2pBObci30QtKP1mA7BYZPpxeJLexWvZfe2todmJfmpbNrXnqsbuGkiliGuKFQrhO3KCkYbix7jXt7MNVc9AIu4EfDZlNEwRr%2B3STfYHGn%2FB5b3e4hEtjLLV%2B%2B7l9fyelou9hY%2B2oiYUcFh2AHd%2FVC1pOBQ0QhkkHXK4%2FmSRy5icYE%2F27ZC%2BSXUxwyLUckntucAABtSSpmOpNeX8yhFefcpYvHd46JIeyjRJJG8AQSjlBThBKRuaDR2LrEXFDwvTptY5wkW1vE3HBqpVXRG1fozyUV1ciNvEAyH7XT6ObGe95mRdUsw%2FEBFoDxdMAZ4HSpGP%2F1i2cRib7F8Pc4inM8ETvoQ8i5HSrzhhCOMWuXdZxvGXvk9L6rt0SOVsUsc5EylGdlVtHe%2BUR0uTyYSF9Q%2BFsSxuhYZ%2FhI%2FkN84je6k%2F%2BbfyXeBypmyVuo1g0WiPd9L6aqgtkytrzebInCZ2L2eLap5jHICEQpPL7Rm%2B2fyhjEhHR&nvMid=29030296587&catId=50001519
Apple 아이폰 13 프로 512GB [자급제],"1,594,800원",https://cr.shopping.naver.com/adcr.nhn?x=zm2z3N4cdONQA152J56nLv%2F%2F%2Fw%3D%3Ds7Gpu5Zf41eQ7LsrFqWDKdf2682f3Nnf56K2lTQseaFQbsBKbbjTB%2BBCjsLv6tz%2BjSfkW1XSh5OrmSwUSVnpOu6kzv9qjvtJx5yaM92hH6bVYsPyg1ZYOUXAon0hLkOTXbsrlg%2BRsArvBLLsC7kQ1lkgAn8lD2%2BxrgblrBqYwPdWug%2B9sjA7rHdeMLkY%2BwIMU%2F7r9owRKQwA1obAu19o%2FvDQZD6UDT51Dg8nNb9lI8fV%2BFLPJmN7kd5F0maTGsL0cZ7Mtmk%2BAFEPjmDnQRu7TcUw5S%2FT8jQgN0R79EiTioaak6v2w9jBqMGR4TTsgYaQnlII%2ByYYqWVu3SSXxcjEJdD1jTGCkBHgfuBKayvt0ShFqLzcRVswO%2FNXTrA15l4GNbF4OZVL2Q%2FcwuxYvViSTh%2BUV4Lx8PdPqo0f%2FEWwZ9x6cPfwzF9ktWcxdrcTtO8KUh7eRXhvx%2B18MP%2FzLgC0qJeB1cSmYxtfRhC%2F4HS0b6yJ1I8EDCh5n2RBrPUf%2BYM4BX8a%2FHvPOPEuDd1Ce%2FzZYNTfLr5%2BwL1l0U2fghBGC1DmpARa14hafYcjSWZ0KlGjD%2FYYphMfShv6YUIYNAeyYbPtRKH%2BxQ6IpDE9RdpfwpBEDfkLIyuldBS3f8m8e6nLmzUhNzs2VE%2B%2Bisqs3JAEppg%3D%3D&nvMid=29030416587&catId=50001519
Apple 아이폰 13 프로 맥스 512GB [자급제],"1,869,930원",https://cr.shopping.naver.com/adcr.nhn?x=xW6WkDhLo1clLBoJF2bX3f%2F%2F%2Fw%3D%3DsIiM1upqIA%2FsCFBbCEn%2BSykm1kV9eo5X6zTn%2FFGstfrJWQE1WikGGRjsm7ORTamZ75IZb6uHa3FvvPhd1z91J4qV5P852Tho3ZS2KKB2xjxFj31BCno%2FP0FyL1mg9my8sQ6bC0oEimIV4teoVJaDD90Pg%2F6PYJW9LpCSumzPJoiiI9aZyW4hhCgmcrsQhWGWGOUisOr%2FsrM0gmiALHeCsDvKAXVfyDB1yTbVYYpYzcFnUHxlEatbmVq7jmztE%2FywsZzo7TB53UHMCECIgmw21pdstajnLQRWnGlOOlt9%2FpKgHs%2F2PHkpmvWjL2qy1nHubv26SzIYTo9%2B3fehSgeKaUCtwBsD8h2uHj0oCDAlSh21KjRp2D9pkBhcJdqPQCXkTJTyOtdpNmqs6E%2FnW3NDtTti0NhztotYo0jz4rJ1Y4rsLSv5SYzis5SVdiBAX6a8RKlG0H56J6GhRAoCVIyo%2FGUKLBap3kjYbJS2JknJPJQsPVL%2B%2Frl5PLPXtI0kaP8PkmKdeEMdUbtmzDI4Aa7HQcX%2BBO7g4kljXBVcHhOLlWcG31k5mWIzEena5K9mjro2%2FezdPirNIEhU3YcDKwV2g5EfaVewWOceUssXrCSRt73FvU2Y6hEEwGxc1AZfON9sL4VRAH%2BsMDObarUodGweR8Q%3D%3D&nvMid=29029192586&catId=50001519
Apple 아이폰 13 미니 256GB [LG U+],"137,880원",https://cr.shopping.naver.com/adcr.nhn?x=v3pnlgrPHs8Xu%2BtjxO3UUP%2F%2F%2Fw%3D%3Ds2DtmQxd1%2BFK%2BqI0lYwFTsLjRW%2B5B%2BTq6v%2BbsP2yub6tWQE1WikGGRjsm7ORTamZ7KOw8o7Hg%2FUuEZsjzLinvpqV5P852Tho3ZS2KKB2xjxFj31BCno%2FP0FyL1mg9my8sQ6bC0oEimIV4teoVJaDD90Pg%2F6PYJW9LpCSumzPJoiiI9aZyW4hhCgmcrsQhWGWGxBB5hi6hqaEwsBLl9PcwYPKAXVfyDB1yTbVYYpYzcFnUHxlEatbmVq7jmztE%2FywsZzo7TB53UHMCECIgmw21pdstajnLQRWnGlOOlt9%2FpKgHs%2F2PHkpmvWjL2qy1nHubSD15%2F83xTvKuWs%2B44dFtKiwwiCvmug5jqtjAA%2BLFOolKjRp2D9pkBhcJdqPQCXkTTnUIgeH15izfpnv9piWPIWAKkDbUxK9PwSPbjtOAtZkLSv5SYzis5SVdiBAX6a8Rg4OPtThFM2yPBsnrKnNGz0bE950AcFAxOwkJwjuM7u2E4FQdvRmo7oxOSvwywmchtRETK6Bnb%2BoT7fkYt66FHPq8ykS40wpinENgNPH2qUwSzxwVRNV%2FYRemZK5z1sCE3SMqQgXqe3qdTVDRaFuJ4V6cBKU1jugTLRJ5GldDmNIdHI8FZtQVGFZJxOyBDKc%2B&nvMid=29030376589&catId=50000248
Apple 아이폰 13 512GB [자급제],"1,354,240원",https://cr.shopping.naver.com/adcr.nhn?x=Sfaoj29J4eItNz4Kvo2J%2Bf%2F%2F%2Fw%3D%3DsZIzbdLMtq1QtP0jVi7C5F373aPROpL6lS%2FZYEFe7dkcbsBKbbjTB%2BBCjsLv6tz%2BjDk6QOEAiA6LiatgsaMPdZP4vfsRGZZwmdUtti0tYQuFYsPyg1ZYOUXAon0hLkOTXbsrlg%2BRsArvBLLsC7kQ1lkgAn8lD2%2BxrgblrBqYwPdWug%2B9sjA7rHdeMLkY%2BwIMUMitlUrK3fytmuS7rXutm0DQZD6UDT51Dg8nNb9lI8fV%2BFLPJmN7kd5F0maTGsL0cZ7Mtmk%2BAFEPjmDnQRu7TcUw5S%2FT8jQgN0R79EiTioaak6v2w9jBqMGR4TTsgYaQnlII%2ByYYqWVu3SSXxcjEJdFGC4RiNC7xq4vWi%2FFiyI7lqLzcRVswO%2FNXTrA15l4GNbF4OZVL2Q%2FcwuxYvViSThyoGc6Gx0l9THSC4kYF%2FIsKcPfwzF9ktWcxdrcTtO8KUh7eRXhvx%2B18MP%2FzLgC0qJdftVPDTrCb5MCMk6RiDCmAlDv77rgQoH8LCOsgmhGGjhejKyKKQJPosYkFFU2iKXtab1NgI6DGg3boC67RFVYQNauEcRynSn%2F8orOK7nc90IgQw20cqgwNmRStLA3Ji%2BQUnXaUYLKkt1R2frbLRAWbLVWGr8fvvH1mWvUgXPK6j&nvMid=29030496586&catId=50001519
Apple 아이폰 13 프로 맥스 1TB [자급제],"2,079,490원",https://cr.shopping.naver.com/adcr.nhn?x=%2Bx%2F1Sn36KXyKY7IBcJT5V%2F%2F%2F%2Fw%3D%3Ds9I6e%2BTodLsdF1O2Y6sZyjwkuqmZwLEA1NJZBiFaAS5hhJz9H0Ub4KLvuVTVtNMxMa1Vbsp53HXDG34v%2FmAGwYD90Q5IQhq%2FdcPN3twaCBQBnPYDEpxMrRqB%2By95sw1r5K1jpvzoguxb8jcrg2pBObci30QtKP1mA7BYZPpxeJLexWvZfe2todmJfmpbNrXnqArgGaDBKbEfnwAwTC02FZ7ix7jXt7MNVc9AIu4EfDZlNEwRr%2B3STfYHGn%2FB5b3e4hEtjLLV%2B%2B7l9fyelou9hY%2B2oiYUcFh2AHd%2FVC1pOBQ0QhkkHXK4%2FmSRy5icYE%2F27BW36r4QZshREfg%2B3vq7RNjjoDfqNqK6xvF%2FAiEagvUg6JIeyjRJJG8AQSjlBThBKRuaDR2LrEXFDwvTptY5wkeka0Jkw1HaXkrcvTwRjPIciNvEAyH7XT6ObGe95mRdUsw%2FEBFoDxdMAZ4HSpGP%2F1pX9tJKCP7b5KKDylXiHlhEN%2FOXq06xFLlMCwNDQObjPLcqEhOiscytOptfh0D9%2BAhMvoWJm4MsF06%2BKgL3Nir6YwrT3qvD%2FwtURDgUh3un8v4YGjJCSIW1IvBxXT1wG95Q8Y0kYvNHvy9T9ie4v2F1jtEEnHZo%2B%2FVuCJHvsmHjrDVCYCaeglF2rgr1u2OQIzQ%3D%3D&nvMid=29029192590&catId=50001519
Apple 아이폰 13 프로 1TB [자급제],"1,902,640원",https://cr.shopping.naver.com/adcr.nhn?x=RI7vIAnxQtj9SR7ToWZCN%2F%2F%2F%2Fw%3D%3Ds4j2WQ%2Bpoup082dGCHdwvueFspVPYqX0t88YZymX8XhRhJz9H0Ub4KLvuVTVtNMxMJ23RyF%2BhRSg2i3qOqActyT90Q5IQhq%2FdcPN3twaCBQBnPYDEpxMrRqB%2By95sw1r5K1jpvzoguxb8jcrg2pBObci30QtKP1mA7BYZPpxeJLexWvZfe2todmJfmpbNrXnqM3WLqq0EN7lRPuVNhhc%2BTLix7jXt7MNVc9AIu4EfDZlNEwRr%2B3STfYHGn%2FB5b3e4hEtjLLV%2B%2B7l9fyelou9hY%2B2oiYUcFh2AHd%2FVC1pOBQ0QhkkHXK4%2FmSRy5icYE%2F27ZC%2BSXUxwyLUckntucAABtZvi8mwOdSN2Hxez1q1S2LE6JIeyjRJJG8AQSjlBThBKRuaDR2LrEXFDwvTptY5wkVujK8JsjkX5vbThvszTSdkiNvEAyH7XT6ObGe95mRdUsw%2FEBFoDxdMAZ4HSpGP%2F1tWAoDzpqjivMYNewfUaVH5D%2FkFMO4s7sTx4sbc7XXXQvaOjGxMtdSZf0nL3LrxHbEqK%2B9%2FfATriFGBpUU13EutPwCXFJiRdosf3os3K%2FWn1lumYIpDoSXXVWxiLzLUEpV97EoeRUdA8kpn7jzVTNu3Njqh%2FZemCCOboDhnweAmG&nvMid=29029192588&catId=50001519
Apple 아이폰 13 128GB [LG U+],"148,180원",https://cr.shopping.naver.com/adcr.nhn?x=u48YQtexsNLb10VeJtjIrv%2F%2F%2Fw%3D%3DsbBwRCw5OWMK2PqiBqMIEopbBGmAFwLkfPXwtduFGgnFWQE1WikGGRjsm7ORTamZ7gWxLmulXwGhXIkxQYndUh6V5P852Tho3ZS2KKB2xjxFj31BCno%2FP0FyL1mg9my8sQ6bC0oEimIV4teoVJaDD90Pg%2F6PYJW9LpCSumzPJoiiI9aZyW4hhCgmcrsQhWGWGwosKqTnb%2BAqxbJsu%2BamdqfKAXVfyDB1yTbVYYpYzcFnUHxlEatbmVq7jmztE%2FywsZzo7TB53UHMCECIgmw21pdstajnLQRWnGlOOlt9%2FpKgHs%2F2PHkpmvWjL2qy1nHub9VxvWt1dm2eU%2BhGsuf8DslZAes9WPwEpCBZYSAtHrrpKjRp2D9pkBhcJdqPQCXkTTnUIgeH15izfpnv9piWPIRTeXguLvceILDTsOJTpcCcLSv5SYzis5SVdiBAX6a8RiFsn8y0jIqBOModVs088%2BgSJo18m0jz5bEBzUQZzyqxXnC9JyTQx%2BBguXZpkkOaaFbq9QEpHkFgbJQdMErHEBwsPEy%2BEOZ1h37nR0Mf2%2FirEDwxLFEU%2FFjnJYX0akRkiNGUualkSjgnD4ElZnteWpVdznR4EhPC6BI08fc6TT2xWkbDrUFJ2hBG8QaB8WVzn&nvMid=29030372586&catId=50000248
Apple 아이폰 13 프로 256GB [LG U+],"819,930원",https://cr.shopping.naver.com/adcr.nhn?x=ny2fIVA5B7IIJtImMCUoof%2F%2F%2Fw%3D%3DsYYEa6EVuv%2FPJQm9ODwVARELFe7Nj4MgnfMKUiUD51csbsBKbbjTB%2BBCjsLv6tz%2BjkoNQr8GQHmx%2B9kOqLXVacURVpI1rDCUZJP33asYXyU1YsPyg1ZYOUXAon0hLkOTXbsrlg%2BRsArvBLLsC7kQ1lkgAn8lD2%2BxrgblrBqYwPdWug%2B9sjA7rHdeMLkY%2BwIMUMJUr%2Fr5heP7x50dYzAAW6TQZD6UDT51Dg8nNb9lI8fV%2BFLPJmN7kd5F0maTGsL0cZ7Mtmk%2BAFEPjmDnQRu7TcUw5S%2FT8jQgN0R79EiTioaak6v2w9jBqMGR4TTsgYaQnlII%2ByYYqWVu3SSXxcjEJdCv4tvVC4uC7ExQmSSjjUz5qLzcRVswO%2FNXTrA15l4GNYd6P7bKnf6IN9iERvhRLC8G68m6sa%2BveW%2BZsaubJ0KOcPfwzF9ktWcxdrcTtO8KUh7eRXhvx%2B18MP%2FzLgC0qJXTg%2FsEJVpHzqP6kybO7iXkHyKwMIinsXLRIwPAEQA4X2UjohpK7sZyY83SOIj%2FwoHhdnaHO4i%2BJ34%2B%2F4eteOoZPwCXFJiRdosf3os3K%2FWn1xDzlansmHapOvB1YrwpF9RcOsMGBV%2FFPMrajZqWo5u%2FNjqh%2FZemCCOboDhnweAmG&nvMid=29030415586&catId=50000248
Apple 아이폰 13 프로 맥스 256GB [LG U+],"935,180원",https://cr.shopping.naver.com/adcr.nhn?x=VmRYcos1lFa13ftOWuCiOP%2F%2F%2Fw%3D%3DsChlNHqcoD5Nwlsm8nNjUSWZpOnLDo2NeO1%2FuWSUUTUMbsBKbbjTB%2BBCjsLv6tz%2BjCllWYXpHAcS5YF7LkMfs%2BPnKtgEtjX1dV%2BUrT2l%2FaZ5YsPyg1ZYOUXAon0hLkOTXbsrlg%2BRsArvBLLsC7kQ1lkgAn8lD2%2BxrgblrBqYwPdWug%2B9sjA7rHdeMLkY%2BwIMU0nYCIitiLlu%2FFmiEv68MvzQZD6UDT51Dg8nNb9lI8fV%2BFLPJmN7kd5F0maTGsL0cZ7Mtmk%2BAFEPjmDnQRu7TcUw5S%2FT8jQgN0R79EiTioaak6v2w9jBqMGR4TTsgYaQnlII%2ByYYqWVu3SSXxcjEJdN7TFzMpE5sfNNeD5wGyDCpqLzcRVswO%2FNXTrA15l4GNYd6P7bKnf6IN9iERvhRLC9RHNHYziR3KtB2YBzSKKm2cPfwzF9ktWcxdrcTtO8KUh7eRXhvx%2B18MP%2FzLgC0qJVOBpL3kKBeNwNuOk45o3IUOrBnzQn1xhNb5a3I1hN2%2FuwP9L0j7YvHB2OKNn2rLcBvIqjm%2FVXzb2GiWUTRe2WXR04BxkeiAKS6QEBZyhxwev4YGjJCSIW1IvBxXT1wG935lVvCXOqfsuY9meczVrfNjtEEnHZo%2B%2FVuCJHvsmHjrDVCYCaeglF2rgr1u2OQIzQ%3D%3D&nvMid=29030190586&catId=50000248
Apple 아이폰 13 미니 128GB [LG U+],"21,950원",https://cr.shopping.naver.com/adcr.nhn?x=NIXMDviBIzG5Z4ZK9A8h5P%2F%2F%2Fw%3D%3Ds5yedontttn7RxJsGcPXGv6tAz5eq59fbIlmghK4kx7phJz9H0Ub4KLvuVTVtNMxMIYTe0mySXg2MkXgf4ph9Zj90Q5IQhq%2FdcPN3twaCBQBnPYDEpxMrRqB%2By95sw1r5K1jpvzoguxb8jcrg2pBObci30QtKP1mA7BYZPpxeJLexWvZfe2todmJfmpbNrXnq%2BhHtf9UPvVuecHCypfH0H7ix7jXt7MNVc9AIu4EfDZlNEwRr%2B3STfYHGn%2FB5b3e4hEtjLLV%2B%2B7l9fyelou9hY%2B2oiYUcFh2AHd%2FVC1pOBQ0QhkkHXK4%2FmSRy5icYE%2F27ZC%2BSXUxwyLUckntucAABtTubcUTgVxIkEImC9rZ25D06JIeyjRJJG8AQSjlBThBK%2Fkpsg5AguUQPduruz0ll4S4K84suS6N23CTXtCISUyMiNvEAyH7XT6ObGe95mRdUsw%2FEBFoDxdMAZ4HSpGP%2F1hwOndwKexWj5cBEbwvYNscOTnITeXUIiGAT3tHOc0GbTKo5CnlLrO%2BPacbML5XxEb%2BE0cuxgTEAqp66YN7X2XJicchwRNwmJ84TyxvjggzFUCxN9WoR3Y9OOkRO6F0WORGuMJsA2fuVzeS4aa7iddMOEsHC78VBLnFZh%2FnDobeN&nvMid=29030431586&catId=50000248
Apple 아이폰 13 프로 128GB [LG U+],"715,910원",https://cr.shopping.naver.com/adcr.nhn?x=o9%2FxvVjEyWWFz2HXAKaCS%2F%2F%2F%2Fw%3D%3DsFa3eiExh6Iyqwf6DVCZiyrH6wNvK8xjiE%2BQHjO%2Bidj9hJz9H0Ub4KLvuVTVtNMxMbnyENoKnte%2Fo4aSFiOuf%2Fz90Q5IQhq%2FdcPN3twaCBQBnPYDEpxMrRqB%2By95sw1r5K1jpvzoguxb8jcrg2pBObci30QtKP1mA7BYZPpxeJLexWvZfe2todmJfmpbNrXnqg7gKiQG8MTIItSW%2BDJaVQrix7jXt7MNVc9AIu4EfDZlNEwRr%2B3STfYHGn%2FB5b3e4hEtjLLV%2B%2B7l9fyelou9hY%2B2oiYUcFh2AHd%2FVC1pOBQ0QhkkHXK4%2FmSRy5icYE%2F27%2FhDyiXZ86Jo%2BZEQ64BV62V5Rf%2BTsn6XIb7RwIiswzzM6JIeyjRJJG8AQSjlBThBK%2Fkpsg5AguUQPduruz0ll4TWJr4liIv6koKvmQFXg748iNvEAyH7XT6ObGe95mRdUsw%2FEBFoDxdMAZ4HSpGP%2F1lq%2FTeG0cM03OkGjrDtXVJEOTnITeXUIiGAT3tHOc0GbTKo5CnlLrO%2BPacbML5XxEaGLtZut%2FQWHvUYRb2GuktCIDf9TYDOC4LzgCehLsur5U%2BqlHR%2BvdZWKQxQFiywDQCNG0%2BKR%2B97Ew%2FEVhbt9f%2FiFbDf4gHI5rSMJU1BWcIOg&nvMid=29030175590&catId=50000248
Apple 아이폰 13 512GB [LG U+],"558,180원",https://cr.shopping.naver.com/adcr.nhn?x=CYo0gkbYKdHvfLLV6n3Kw%2F%2F%2F%2Fw%3D%3DsCWxOnEY80JrZ9QWPJlbotxeddPDX%2BffhqEiSGmmvRp9hJz9H0Ub4KLvuVTVtNMxMb0raXB0j25gja2y8ZKuSFz90Q5IQhq%2FdcPN3twaCBQBnPYDEpxMrRqB%2By95sw1r5K1jpvzoguxb8jcrg2pBObci30QtKP1mA7BYZPpxeJLexWvZfe2todmJfmpbNrXnqJg934XoEkbAciqCMIan0C7ix7jXt7MNVc9AIu4EfDZlNEwRr%2B3STfYHGn%2FB5b3e4hEtjLLV%2B%2B7l9fyelou9hY%2B2oiYUcFh2AHd%2FVC1pOBQ0QhkkHXK4%2FmSRy5icYE%2F27ZC%2BSXUxwyLUckntucAABtbnUGQjdvqSbkvO468kI%2B4Q6JIeyjRJJG8AQSjlBThBK%2Fkpsg5AguUQPduruz0ll4bOI6Hlvjpgb5uFfnKTUCswiNvEAyH7XT6ObGe95mRdUsw%2FEBFoDxdMAZ4HSpGP%2F1kFDHYnQii%2B1Jr2q%2F2imU85cZ8pgTGru4bgUYhRhw82x0slNiRCUihwCM4raCnU9XisT9CB3dBYbysgitRfy1JKP9ozmdV%2FWs5eTR9VTjChbpwYujFope%2FZY1LD5e8kXsW9TZjqEQTAbFzUBl8432wvhVEAf6wwM5tqtSh0bB5Hx&nvMid=29030296586&catId=50000248
Apple 아이폰 13 256GB [LG U+],"272,180원",https://cr.shopping.naver.com/adcr.nhn?x=MUBIcVY50EJ%2FumwPS9nN%2Ff%2F%2F%2Fw%3D%3DsXmhLPCS2mNoPlgsEJQbO511G7N%2FFz9Fe16Q5WmgWdE9WQE1WikGGRjsm7ORTamZ7yyhF8BL5tc2U9LQdQNLDZKV5P852Tho3ZS2KKB2xjxFj31BCno%2FP0FyL1mg9my8sQ6bC0oEimIV4teoVJaDD90Pg%2F6PYJW9LpCSumzPJoiiI9aZyW4hhCgmcrsQhWGWGTwEWDiIsnrxQmvtZfIOOBfKAXVfyDB1yTbVYYpYzcFnUHxlEatbmVq7jmztE%2FywsZzo7TB53UHMCECIgmw21pdstajnLQRWnGlOOlt9%2FpKgHs%2F2PHkpmvWjL2qy1nHubOedUTkBjhivLCvUFgPTh4cYJXYnPXDU326xE%2FhTR4gNKjRp2D9pkBhcJdqPQCXkT728voueL%2B8yYcdVUdj5NURFf92baRHD33QRBAjmiuIsLSv5SYzis5SVdiBAX6a8R%2FCOsDULMzhyS3tcNpyUq6ASJo18m0jz5bEBzUQZzyqxXnC9JyTQx%2BBguXZpkkOaaXjjZJaq2bON9UuHYhVz5ugsPEy%2BEOZ1h37nR0Mf2%2FirZczYPCzBovPRSBYl9tVQcTW9rAhDE%2F51Tk1GwlYDAKVdznR4EhPC6BI08fc6TT2xWkbDrUFJ2hBG8QaB8WVzn&nvMid=29030189588&catId=50000248
Apple 아이폰 13 미니 512GB [LG U+],"448,980원",https://cr.shopping.naver.com/adcr.nhn?x=S8u2vPHBrgDijFHFkWxhc%2F%2F%2F%2Fw%3D%3Ds95nDD%2BzUJU0Mpueyg%2FqEdiELKTDJpb4Fmb2MU1ihGDxhJz9H0Ub4KLvuVTVtNMxM2nzIZq3wo%2B2%2FnFn8Rjkitj90Q5IQhq%2FdcPN3twaCBQBnPYDEpxMrRqB%2By95sw1r5K1jpvzoguxb8jcrg2pBObci30QtKP1mA7BYZPpxeJLexWvZfe2todmJfmpbNrXnqmNCzWTrruETuuT6FCzP1m7ix7jXt7MNVc9AIu4EfDZlNEwRr%2B3STfYHGn%2FB5b3e4hEtjLLV%2B%2B7l9fyelou9hY%2B2oiYUcFh2AHd%2FVC1pOBQ0QhkkHXK4%2FmSRy5icYE%2F27BW36r4QZshREfg%2B3vq7RNq1aj%2BQsibxyzBn%2BTDLK%2BeY6JIeyjRJJG8AQSjlBThBK%2Fkpsg5AguUQPduruz0ll4dny0ojKcnruLL%2FxY0eFFWsiNvEAyH7XT6ObGe95mRdUsw%2FEBFoDxdMAZ4HSpGP%2F1tMWT5qr2bRLwfdaGDVQfAUOTnITeXUIiGAT3tHOc0GbTKo5CnlLrO%2BPacbML5XxEZsHpvJhqVysERvx6gmMzYuIDf9TYDOC4LzgCehLsur5%2FV%2FZKIKstpU4csYNEGuXX8w4RV9dM%2FNhMTmCI5G0ZvqFbDf4gHI5rSMJU1BWcIOg&nvMid=29030419586&catId=50000248
Apple 아이폰 13 프로 맥스 128GB [LG U+],"813,180원",https://cr.shopping.naver.com/adcr.nhn?x=%2FviiqvnB1zdJbpmP8v%2Bm0P%2F%2F%2Fw%3D%3DsfyJEK9sAE2ywlU52ktKO11EFMMhoX4MRZBAd6lHbCyphJz9H0Ub4KLvuVTVtNMxMKAxY3K57ZNDi0LRL7G%2F1Hj90Q5IQhq%2FdcPN3twaCBQBnPYDEpxMrRqB%2By95sw1r5K1jpvzoguxb8jcrg2pBObci30QtKP1mA7BYZPpxeJLexWvZfe2todmJfmpbNrXnqW6RWFOvR2FN0g9uRh450ELix7jXt7MNVc9AIu4EfDZlNEwRr%2B3STfYHGn%2FB5b3e4hEtjLLV%2B%2B7l9fyelou9hY%2B2oiYUcFh2AHd%2FVC1pOBQ0QhkkHXK4%2FmSRy5icYE%2F27BW36r4QZshREfg%2B3vq7RNk13S5rBFor6kJSMEphmQHg6JIeyjRJJG8AQSjlBThBK%2Fkpsg5AguUQPduruz0ll4WUpLKxX6NIrMbDYkah2%2BB4iNvEAyH7XT6ObGe95mRdUsw%2FEBFoDxdMAZ4HSpGP%2F1mbbRE4sNae2UQATiGzSdWo%2BYS%2F%2BLHYOR26DZYLoloGYQbJE2qH6sAOiEA%2FCWTmW%2B9Wv9LNSmXjE9enjfCW3QMdyBJwszE181RndChU%2BnO4%2Bc%2BdmQQWLD3iaW1JQsekSljnyGQ5QoPG9T7YCkNIegYdWhZ3SMHTcLlpircdRzUgq1JIslBmdxaTx7xO1%2BPPoWw%3D%3D&nvMid=29030352586&catId=50000248
Apple 아이폰 13 프로 512GB [LG U+],"988,980원",https://cr.shopping.naver.com/adcr.nhn?x=UQrxKWwnww8F67yBRd9PeP%2F%2F%2Fw%3D%3DsUiGV7g3Nh47CvHedmbELa8gHVSN6BX05zAcuETeYbRthJz9H0Ub4KLvuVTVtNMxM2c3gaEGTzesPoHAi5DJuTz90Q5IQhq%2FdcPN3twaCBQBnPYDEpxMrRqB%2By95sw1r5K1jpvzoguxb8jcrg2pBObci30QtKP1mA7BYZPpxeJLexWvZfe2todmJfmpbNrXnqIsGCGgJXjOrApw75v82D8rix7jXt7MNVc9AIu4EfDZlNEwRr%2B3STfYHGn%2FB5b3e4hEtjLLV%2B%2B7l9fyelou9hY%2B2oiYUcFh2AHd%2FVC1pOBQ0QhkkHXK4%2FmSRy5icYE%2F27ZC%2BSXUxwyLUckntucAABtdI%2BWw54zZwJaw4fSBs%2FdY06JIeyjRJJG8AQSjlBThBK%2Fkpsg5AguUQPduruz0ll4Y%2FLFNn3CgktFAHLJkCBRg0iNvEAyH7XT6ObGe95mRdUsw%2FEBFoDxdMAZ4HSpGP%2F1v1aZqv48E5V7I5kN9w%2BLZIOTnITeXUIiGAT3tHOc0GbTKo5CnlLrO%2BPacbML5XxEcp%2F8%2BS163B%2FMo5nx002ow6IDf9TYDOC4LzgCehLsur5PYZ5mO7s1Ly6bub8nqsObvSkFk4GXgT2hqkJQIkiWs6FbDf4gHI5rSMJU1BWcIOg&nvMid=29030295586&catId=50000248
Apple 아이폰 13 프로 맥스 512GB [LG U+],"1,259,180원",https://cr.shopping.naver.com/adcr.nhn?x=PyatwFdF1tcNN6UU%2BZlZFP%2F%2F%2Fw%3D%3Ds3Y2GALDNN9l0R6p079mdIkxB8vJbYb%2Fkt3XjCym2DAYXfmlaZeQqomjdtI9e3qsm0AFTCi8B21m2f2Vp8t1mD4Cw8KT5RcwdKNScrAHcoSsh0nxV7L%2B%2BUqJuaM7RnaqEpHgkuPyTTfIiQILHuBeO%2FMOmY27ZGze0Q%2BtXRlM4OxtFSICBvI1ATDFN58yC%2Fe2xxgjIjhzm4p2Ny%2Bb7N0RWdsdAmfSN83ChOoIPfneWzCavS7fnn7TEzbGYEdK0StlzD3pCr0UiFUVnUrWMjuoFDfziKuqi6lvlwe2gIVAf2UAlXTdy6Sn%2F2yromYu89VyUkMCtnW92Y2wAoeECskgnifqDjD%2FzLSIfO96ij4smAk3lp1VU53fqxlKTBT%2Bu6wKC1pjed7D2UF2Br2ZcOiK7GpL9mD5%2BSeM0mpFWNttuOlBFx37WIyrziE4Ps6WrDu%2FET9Lvfhn9NmZebq06Rt58vWNCYQ3OIpDHfXLDJ6X8O335YbLlxragaaIQX6kJDBj8D6QkZjCZcMNTR4jeTmX45ZZevgtr5pNa9jbyVWdndwitqaMHAJkj0DAJXiYJNZCZhlFm4vSb8R33sAOZaEFatj5aPVCK8mjLKoFagz%2BGu91oaKZHilHbuauHUigNM5KA&nvMid=29030181590&catId=50000248
Apple 아이폰 13 프로 맥스 1TB [LG U+],"1,535,180원",https://cr.shopping.naver.com/adcr.nhn?x=0tPZ4Yl3rgPaGhMW0VM9xv%2F%2F%2Fw%3D%3DsC4DcU1W3oxBzQfxIjEViW6ob346F4%2FYiDAkI%2FOjnnhphJz9H0Ub4KLvuVTVtNMxM6wpGMjym1FhGjEsx5TIwoj90Q5IQhq%2FdcPN3twaCBQBnPYDEpxMrRqB%2By95sw1r5K1jpvzoguxb8jcrg2pBObci30QtKP1mA7BYZPpxeJLexWvZfe2todmJfmpbNrXnqtEOmvpx%2BMqvJh%2Birm3Rmqrix7jXt7MNVc9AIu4EfDZlNEwRr%2B3STfYHGn%2FB5b3e4hEtjLLV%2B%2B7l9fyelou9hY%2B2oiYUcFh2AHd%2FVC1pOBQ0QhkkHXK4%2FmSRy5icYE%2F27ZC%2BSXUxwyLUckntucAABtVtnrgxOiYX9qrn1TAVpJFg6JIeyjRJJG8AQSjlBThBK%2Fkpsg5AguUQPduruz0ll4eWqnbzX976LGXXdgWRAAbAiNvEAyH7XT6ObGe95mRdUsw%2FEBFoDxdMAZ4HSpGP%2F1pX9tJKCP7b5KKDylXiHlhH%2FzaVgfXndF2fkBs0qzZTvfpF8bfclcJjAeddKIqLqoO40JG7hZDP9j01CIONQ1QILDxMvhDmdYd%2B50dDH9v4qXAbBD8b5P3FtMPwyQNNUj1Fv4LQ06vnFXG6T3fTMzu5Xc50eBITwugSNPH3Ok09sVpGw61BSdoQRvEGgfFlc5w%3D%3D&nvMid=29030181587&catId=50000248
Apple 아이폰 13 프로 1TB [LG U+],"1,299,000원",https://cr.shopping.naver.com/adcr.nhn?x=txWQuEt%2FApVFZTYUxdVcFv%2F%2F%2Fw%3D%3Ds4qboyATT3%2FW3hSPQVPpSMzBgiGgH8TjncptvLdFZhrYXfmlaZeQqomjdtI9e3qsmPfUQraP1xOxefIqNwngtCYCw8KT5RcwdKNScrAHcoSsh0nxV7L%2B%2BUqJuaM7RnaqEpHgkuPyTTfIiQILHuBeO%2FMOmY27ZGze0Q%2BtXRlM4OxtFSICBvI1ATDFN58yC%2Fe2x2LC0WqZTkIZaUm3Er0k8ocdAmfSN83ChOoIPfneWzCavS7fnn7TEzbGYEdK0StlzD3pCr0UiFUVnUrWMjuoFDfziKuqi6lvlwe2gIVAf2UAlXTdy6Sn%2F2yromYu89VyUV3a9uX1lgE6AfgCgzz%2Fz3z0KSxRRn6%2FvT1OS0oFQ3aHlp1VU53fqxlKTBT%2Bu6wKC8tn9NOOafY7YyZKW%2F1ZNn4Pk2vryFU100lCcPyTJO%2BBFx37WIyrziE4Ps6WrDu%2FET9Lvfhn9NmZebq06Rt58vXVzHOo%2BEXuZliOj6LcmrqhJm%2F1ne9lUZdiLJ5vX8Pmzw3UV6JWzp3hj%2BCr%2Bv%2BQknctuCIgdQ9zF6xRTH%2BVTGLOP9ozmdV%2FWs5eTR9VTjChbfYvGJv81N68EBnuGqJqzFm9TZjqEQTAbFzUBl8432wvhVEAf6wwM5tqtSh0bB5Hx&nvMid=29030294586&catId=50000248
Apple 아이폰 13 mini 자급제 128GB 핑크,"935,950원",https://cr.shopping.naver.com/adcr.nhn?x=zP5D1c%2FBwvv5VwJXfuwQcv%2F%2F%2Fw%3D%3DsmA0iVtH3yI6VSkbf32jEXy2Dsxu14tdPxXuL1nGpA9BhJz9H0Ub4KLvuVTVtNMxMzHS%2F0sToge%2FP9SIPG0WmGj90Q5IQhq%2FdcPN3twaCBQBnPYDEpxMrRqB%2By95sw1r5K1jpvzoguxb8jcrg2pBObW3JzeXxkSdTecfUR4%2FvRQjd%2BKwjnmE8nmku4yNhWgwhmfLAARyRl0caaiEG3Q2bq3l3njUb1NGDJ1K332mMmYDQ%2BMQn9cirmRmZVqDKkTcUqqe08lTgUbivINHQrFwjt9ci8KTL%2BNmOPw%2BJRE9g%2FOSiublBLPqjBpyMr35wpQywj6xpO%2BgEhEgEholwZ3bCpLT%2Ficz%2FUdPnH630BgZikf%2FBz7%2BORHa%2BX777%2F5U82WuFDUHVss68%2F%2BP6JV7OwEL%2BjoGKVKqz6%2BFllC8EuEDUMKeGpC%2FCZH%2BqVPSNC41s4%2BvCWnc6%2Fam9YqxKUW5A01eN4cGR4QGq8yX6AfBifjQWRu9BBbYLgF%2FlaAuPEUA1EI7L4AtxkNjpQgh29xxXw%2BbdkytMrHWRPJuaBmvQUxYBlCMKWvEaYVp2fsrXd06Iqv8F0zZNqdkHoDc4prBr0jboElA9Rem7R%2Bo1QiBLtdHPEfDCkd2CpQ%2FahgJeoF%2FR72TuyM%2Fe6cqX9tzvBO%2FSLNoKQp5m9TZbolpYxAoQUQZihZ9WhZ3SMHTcLlpircdRzUgq1JIslBmdxaTx7xO1%2BPPoWw%3D%3D&nvMid=29619937553&catId=50001519
아이폰 Apple 아이폰13 미니 256GB 구매가 37만원,"378,000원",https://cr.shopping.naver.com/adcr.nhn?x=MpzRWT4UCMr74%2FWNecWPg%2F%2F%2F%2Fw%3D%3Dsd655TMvFZQXgLqKXe9RfqNb1j6XkdHjY68nQtycjBLYbsBKbbjTB%2BBCjsLv6tz%2BjyCGn2ySC%2Bd9drULzLao1EoQ1vUicHO4uWMzoQnA7Y8NYsPyg1ZYOUXAon0hLkOTXQK%2BaKTcYvj%2B8pic3NVJCGyEZeoQHMcdY%2BBmIxWKmM6UYU9jgztfft7b6b5ZIhhGI5zq%2BSXh%2FmOUTYEDHT3kYiIsFwae0BHwdZpQbOfz6J3OuPWs2qmeBj2z4dCo50P8GkOdqIXxic7AxL9rH7EvzbSJiuf%2BuN2z0hTDr%2BqeT%2FlrZPD5B0WalE6A6KX4RSCI6334rL%2BbR36BhYe0R%2FrUmjgBSTS1sRv49oBHxm%2Bxq6Hh43njH80b6kwp43iTd3yOpXNuZcLglXEcgbpiArjMKZRtX1KiGewk6njQXhFIriI2Lp3cbwk6LZyZQ8T%2FWOBGCzfNVo1KcSVSazeZg7M%2BAaVboQPnwU2bAbTQacyPL2i%2B4SQFFVtotOa7WWO1vpH93qtKQsFp2mPiMV6fbq8X29VLJPrkAGs6ZQE6sgHnR13DJY4HRbAyAbgf0pXsnRcl1JRE32Kho%2FiHxL663jE2KyKvtUBvfoSsQPvEM6ZWUZTo7XyqHIh2sQaQapTNX8ddEexcukCYzRCOPZ6b%2FFwdmKFaFndIwdNwuWmKtx1HNSCrUkiyUGZ3FpPHvE7X48%2Bhb&nvMid=29860859288&catId=50001519
APLLE 아이폰13 미니 128GB 미개통 미개봉 새상품,"696,210원",https://cr.shopping.naver.com/adcr.nhn?x=orMqfbXLG2IEO25B9VmoG%2F%2F%2F%2Fw%3D%3Ds%2B9ZxHwkiD5QG351KvE0XJ2ydAyiyqCu%2F%2FfeY6V2vbkRhJz9H0Ub4KLvuVTVtNMxM0mm3waEac6OhRX%2Fz434ZRD90Q5IQhq%2FdcPN3twaCBQBnPYDEpxMrRqB%2By95sw1r5AtuL14RuMl6BEQIgDw5jIO0JZ4vKXq2xVuFay0gNbwiO%2FsdgQE5FIA0Tw1QMogpFlyxWbqurbQBn7h5ed9I9XRILbWvwJAzYHVrIYP0NtOqriSqQc7hX41w3nDYT7nVmq4pZA3hvtay1NdVGnhX93YrHsbeStsmJBfOvK7DA6okYLHJm0wicvtMx4rzrvMqrYL9PhGPiSvHDhqAR8yJrwAxuHr8vjNd4%2BuFGDp4U8hni2q7qs3Wb2Q8Y9F%2BOv%2FBj3BFDJPmINGVd22UpeKU8sk%2BRqmtc5jtenLBxZMQUjR87ZwGj4ZcK25iKE47SH20Q7t3GNt3x7JReqMBEQef4yquEtlMmEp0kJY%2ByUzOAG2QL6nrfebnckJCqgqS%2F1UnIgEWdLbmt22odXEAXMQQFI7k9yx2LE4ozzid%2FD5Tsgrqn8RcGYPeEw%2F9tz7E%2BhSp%2Brt0GrIeY1f3vy9n%2FKCTjxm9TZjqEQTAbFzUBl8432wvhVEAf6wwM5tqtSh0bB5Hx&nvMid=32358692890&catId=50001519
애플 아이폰13프로 256GB A2638-256,"1,039,840원",https://cr.shopping.naver.com/adcr.nhn?x=kPP%2F55pavY5kWBCSv0siCv%2F%2F%2Fw%3D%3Ds27Xveq2sLlXmOHsxT%2F1PBFx4kGgqJehJP42vUe%2BruyVhJz9H0Ub4KLvuVTVtNMxMRGTKCsBXJQb8BTPpNvEesj90Q5IQhq%2FdcPN3twaCBQBnPYDEpxMrRqB%2By95sw1r5AtuL14RuMl6BEQIgDw5jIO0JZ4vKXq2xVuFay0gNbwiO%2FsdgQE5FIA0Tw1QMogpFGWhILrIGXjD%2BolOWpEuRtVNtan0N6McmO%2Be3aTVcEiiriSqQc7hX41w3nDYT7nVmq4pZA3hvtay1NdVGnhX93YrHsbeStsmJBfOvK7DA6onnB1Dg2KswLUmpT7Bfz26%2BzLH2iKaBp1zS3b19nlZKQwxuHr8vjNd4%2BuFGDp4U8hn9BNcd8V%2BBlRzBzS7OI6oZBlSY0DiDEtN5td2AJ8xQ0M4CiJ2hrBzfs3DiOfsDkiW1AZ6vd6uAIYhroepcSGeMBWhuisd7oQFQZBh7dXMZpwOaRHNkHS6sGAuGKLXZ4rqupKZ3YKhFEZDPzBlU22fSwpHdgqUP2oYCXqBf0e9k7pTndaG8lQ3c%2Fq5%2FleRE27LO8rQCk2%2FEZb1QZ2KXYJ4LVoWd0jB03C5aYq3HUc1IKtSSLJQZncWk8e8Ttfjz6Fs%3D&nvMid=34056981446&catId=50001519
애플 아이폰13 미니 128GB 자급제 미개봉 새상품,"744,600원",https://cr.shopping.naver.com/adcr.nhn?x=9L1Rk8dkBCLXkDgfncb0t%2F%2F%2F%2Fw%3D%3DsZ%2BEodE4yl6P6J0J6SpLdFCuY9%2BksD4kVPTHqdB4tZQZhJz9H0Ub4KLvuVTVtNMxMCbKbKxdxcAx5LyLaZrmk4j90Q5IQhq%2FdcPN3twaCBQBnPYDEpxMrRqB%2By95sw1r5AtuL14RuMl6BEQIgDw5jIOOmWAc4mSnKWcXf9cA8e%2F9a1%2BcsP1qOUacbPJ7D0%2Fi%2FswSyzjGOJrRlupD7Am12Z9GpI0YDMFN5e%2B0DdTssR3y8bhT1NN2YMQKOmB0ubhMWBV7e2IVwQcc6G0qXRZDNBdQ1c6B2iTV3vUmOykJX4A4hM8MAw9I79cCxDxfrgRAUwct5Vzryklc5XK4YlnbspSefk4K50w46SNTS1LJGuNYxxEGYeIIW4NYKwK1s24%2BgeUVgjMgNXODhu2MDwLS3CLngnxQ7ssMZd09T0OjyjIxearTBvydD1LUI3JWpCADIRszlVPrNcpKrHA9nDWwWjLv2mQ7p1J4r2pLfn6hlDhxLgtw6dvJ82JluGdLeCLTQ7ofS2O6a2snTPxQid8m15Bt1eZEdmqFMVih5BkFboXKDhiAEPQMKMhAEAy04%2FTl4peYmcD%2BmM7DMEE8VNeRGC6vdHlMyCEBnja1lVwYJNhLE%2BCzYZNX92AemhTBxmWs2H35O8i2PNcNpLo0Ljpl88TYB7qfMHkS%2BeAgF9vImLi8ugiDh5S8n%2B7Rc0MeNuzgdE6PlrvY%2F4d68cU6s%2FD65z4LpToF1yy7DFPDDf5hTn8PHICEQpPL7Rm%2B2fyhjEhHR&nvMid=33065758367&catId=50001519
[아이폰] 애플 아이폰13 128GB 자급제 미개봉 새상품,"847,300원",https://cr.shopping.naver.com/adcr.nhn?x=CR2fmJjNOebXLckboEBVAf%2F%2F%2Fw%3D%3DshNl2sS5KQ%2FaeK9k5mo60mlwc%2By3Io6IO0hAyDF8dsK5WQE1WikGGRjsm7ORTamZ7kE6f6bwAI1eCRLSbpcr226V5P852Tho3ZS2KKB2xjxFj31BCno%2FP0FyL1mg9my8sM4nPOGwZ9qyQMUuHHXoEfRv5PZtYmS%2BmNvXLXF9nEnGUNUv65oeq781FR%2FMJQKy4X9M6JenI5WxqDuF87gsdRF1QkOgf7h4Fkv8l4zJ0VLLjk2rujE%2BGaNhZjzEjhwV7NqOPGRaclpU1FVk%2Fz8jlo%2BWXbe%2BD%2FtcJT3Ys%2BkWL0bL84irqoupb5cHtoCFQH9lAJV03cukp%2F9sq6JmLvPVclGsJMcOYaIXwr9j3W4lM85qr3%2FkkvoCGRRLE1JPxjS%2BrV36ogsAbT2GMBHUreotiQJ33mh5MW1MMkF%2F304%2Br1jYpd%2B3AG4YrIq2H8JDhAKSbG1N04Ria3NG3PspppN4FloGwarDfGXrOwBNXQp0xN%2B%2Bz4B6c9TOcRal7nmQZ92TNppjOQswGvGY53%2FK25JDrFzulBXMG7WVUNNGPsx5675ffVDgk2UXY1HFMsh5OuA7ZCyZFKoogWZsp9IvKlIC6%2FTMemnmh5Rd2KROaPXzLkOPIMPbwIHpFwr8GlwDYslGRfMAWDCQkFvKl0m3fU9ftdM6%2B0BgP3KzMSTjuPoR%2Fo8%2BCqA6%2BrrPkSkQjk3bFq%2FUy&nvMid=33567966874&catId=50001519
Apple 아이폰 13 자급제 블루 128GB,"1,057,300원",https://cr.shopping.naver.com/adcr.nhn?x=0MDnLcuSznLpjsjp882S4%2F%2F%2F%2Fw%3D%3DsA9XL%2B%2FjCWnh61VYVT7rJHQjeur1%2FebnXXRRrRSuUHK9WQE1WikGGRjsm7ORTamZ7h9rAeyaaNCBC39wD9q5KUKV5P852Tho3ZS2KKB2xjxFj31BCno%2FP0FyL1mg9my8syIphVIYejiI5AEK%2F5GUKnnzmYN%2Fcvl75AGnByk2TjWEm5OY6%2FBA05LWPXaqTF3xXnI3Q%2FuFm111yFJnQ1iq5B6N13Zjdmb96RUIYIswoTaji1ShxDj3lM6ehtxvMu3DzQzp6WFGMY1P8mqtwW2hMLCS5yjjA6nkXqa2BwKlrFXJzCqEKVf8QaOX80XO1LbwdtT4iimrIPIJVtbOpITWObquKWQN4b7WstTXVRp4V%2Fd2Kx7G3krbJiQXzryuwwOqJ5ND%2FzVldLhyNYxe%2BXn5m5spPgB0uOyb0tm5ozrw92xV%2FlLnJwMa7Bt8R2%2FUDqQrCgM4VQteQw4NqFVING1vVk9XWskCvt2v1woytrip1v0khXHOOZMpJ80X5MRT9vzbWoZCzrTtPk%2FaPt9SkQ3hr6NDSDoXFJ3zHcMQZC8ssrjC5kp2i2MrlMGZvWbZdy%2BvHJdLga9%2FKMKW7%2FBDqaModRUrfejZ6tVvtVvNC1tYqBuHZlVYLDEJpnI8cF6CMPSIWNYsSX%2Bx2udzZOfbFgI3%2BOItQfZ1WJv37G0St0tOxjV%2BFbDf4gHI5rSMJU1BWcIOg&nvMid=29619782067&catId=50001519
애플 아이폰13미니 256GB A2628-256,"318,160원",https://cr.shopping.naver.com/adcr.nhn?x=2Q4TRlc82Y5RvebhLTkkw%2F%2F%2F%2Fw%3D%3DsMcVI4DLuWC%2FmoDO9tbPmUbST3wdAMYCo4kaBWpEpilxWQE1WikGGRjsm7ORTamZ7UvO68tk8fOMugrxEJle%2BeKV5P852Tho3ZS2KKB2xjxFj31BCno%2FP0FyL1mg9my8s7QbAmi4Lv2tY%2FDUK5ethzbD9cbDzdvBhYP28y8rhu4mr9N9rARz1GwL8SD%2B61y0rr%2BjIFnOEsHCu4uDZhp7GRK6OtZqgUCA59xQJ1bwGOYydON%2F1E2oa%2BkX4uM6B7cZiqwkXVMbwNe%2B45dFaHZqJITVCZ4rdk8hPModxsSdH4jxLgjHVSeYPJVLpcLx%2F5kfeSbL%2Bo59wsdjCfxlb06LE7r1%2FNmOSJbPXC3gQ7tS8mQch4U3xogrD%2FFSLuqzO03B2FCJLeTNMiIpdd72TMnUFR2ZTzQm%2FJCTPv1HJ4ZwU%2BN%2Ba7GMPCyIg%2B908BafoMKPlZIMA3ugLyU4hhS%2FO%2Fthn0pCf1gZxRbuu5HyHkIL3KMcILWS8IXEpYFiEahJA8G0uy9O26Di8KMS%2BiGo7JDPn2ZBB89SUR7GJ%2BeNp3yVHdArgHMrVRkch1th0PuK0P5HfzY6of2Xpggjm6A4Z8HgJhg%3D%3D&nvMid=34077530286&catId=50001519
아이폰13프로맥스 128G 미개통 미개봉 자급제,"1,294,000원",https://cr.shopping.naver.com/adcr.nhn?x=%2F2ngGxFGznM59yV1z9L7Z%2F%2F%2F%2Fw%3D%3DsG3ax0vvYdsGJ%2FyeWkEYYTNmLzVeKPT0bIOsgskY9RhhhJz9H0Ub4KLvuVTVtNMxMe%2BTChbxaE6Hn4keTwTD2hT90Q5IQhq%2FdcPN3twaCBQBnPYDEpxMrRqB%2By95sw1r5K1jpvzoguxb8jcrg2pBObTaSZny%2B1MgSfJG5ocTRQNj1rIvubP2%2F%2BNF2sTRY2hEVrCbRZOk9WeZ2yeb7f0m4iIVh%2B7GKIsZsvthqAArBe%2BRD4P%2Bj2CVvS6QkrpszyaIoCuwrUM2Vi5bq9fxYHuPhKTcTycRbovt6OBjTFfayuwYlXTnrDcSkOngEFYVEuDiq6nYt0P5vFdgOY0ddt5wMGXOSaUY4imipoPApQmxMcFzuz7PPELyxrRPwwYSjNWpFRQSyLXERbFxzTPPz8XJ7xh96v9gTipHC11ejs0M0ntru3cY23fHslF6owERB5%2FjKuYy77j2kCYJ2hK7rGxmAIQvqet95udyQkKqCpL%2FVScjgJ1IQsgbZu8B%2BtnpmP3Y3g64ApXpFcbUizTdcku%2BIF2EvjG%2BQFsmX1zC7K5Oyd96HZtWx2MbtsIS0vvfbHmSdNwIHoXv9IlcXMyoraVjcu82OqH9l6YII5ugOGfB4CYY%3D&nvMid=84548446619&catId=50001519
애플 아이폰13프로맥스 256GB 자급제 미개통 미개봉,"1,339,860원",https://cr.shopping.naver.com/adcr.nhn?x=C5aQUI0oMa0MPH3JOZO8r%2F%2F%2F%2Fw%3D%3DsVv3o3D3xM0CDT%2F9zromO0%2FZ9yqgUkbsKWCRqawmmmjBhJz9H0Ub4KLvuVTVtNMxMIJKtNehf3fMlZNupcyE0Jj90Q5IQhq%2FdcPN3twaCBQBnPYDEpxMrRqB%2By95sw1r5AtuL14RuMl6BEQIgDw5jIO0JZ4vKXq2xVuFay0gNbwiO%2FsdgQE5FIA0Tw1QMogpFhY5405DjR9AOS38TV0za2yk6irXpdMpw%2FZGXq%2Fy1UgGriSqQc7hX41w3nDYT7nVmq4pZA3hvtay1NdVGnhX93YrHsbeStsmJBfOvK7DA6om2x7Fu%2FORH%2FbUtDAyF%2FRx7Ayi6%2F9ValmHwpRgWDn6nuAxuHr8vjNd4%2BuFGDp4U8hm4dRlP7LVzO4p8ZbLPBugYsv4Pv0kWpdQcKGzAgoBrl84CiJ2hrBzfs3DiOfsDkiW1rn0jz52stPWTRUZEnhveBzsLad4hW%2BdhjL%2FPC5DJ7e7dxjbd8eyUXqjAREHn%2BMqegyOoGkPYwvi9Fjkf2OD54ICJ%2Bd0M1W1d84RL1AsfQUFhrq1%2BDTh5fsLjISDiRxkaIbT4wPT2RVq4kndhIVrUoxnQ4CYgWDMaoqk3hZflOStUx9BtJRWqTZYscpzs1FvLVWGr8fvvH1mWvUgXPK6j&nvMid=33758010882&catId=50001519
아이폰13 미니 256GB 자급제 새상품,"877,820원",https://cr.shopping.naver.com/adcr.nhn?x=kjw1J4mbpVBotwGXsQKZQf%2F%2F%2Fw%3D%3DsbV4YmrUcJhlLZJrs3VTnT%2F9V8piJH7Z0CdHXCb4pNqlhJz9H0Ub4KLvuVTVtNMxMLdQtkEOP8q1TIjkxeWLDKj90Q5IQhq%2FdcPN3twaCBQBnPYDEpxMrRqB%2By95sw1r5AtuL14RuMl6BEQIgDw5jIO0JZ4vKXq2xVuFay0gNbwiO%2FsdgQE5FIA0Tw1QMogpFMmRqcEZnq%2FHj3QMwYwYX8iaD%2BcsZHDCO4NDJr20IFLyriSqQc7hX41w3nDYT7nVmq4pZA3hvtay1NdVGnhX93YrHsbeStsmJBfOvK7DA6okYmgA6golksLjVpT%2BRGCjFH%2FuV%2FgbLIVnrZkPcEMpUMAxuHr8vjNd4%2BuFGDp4U8hn9uI7cSFzq6equPIYoVvkr3BFDJPmINGVd22UpeKU8sg5nPDgxnXrfKFjB9h8G2Th26GLZoh5mx%2FfONND%2BF6sPU%2FQZqjndu8mgpzLdHNOZ0wvqet95udyQkKqCpL%2FVSciRiHhspqzwSOymvpj6ZtkSuT3LHYsTijPOJ38PlOyCuldc9CZ6%2BLrr3HRMIP8g6lhKctz7vHNRcCMmM37%2Bt7uGATQoBoZyaGMgPFeI9gEXDQ1QmAmnoJRdq4K9btjkCM0%3D&nvMid=32358707400&catId=50001519
[대여] 핸드폰 아이폰렌탈 최신 iphone13 자급제 휴대폰렌탈 무약정 무보증 임대 - 5일 단기,"55,000원",https://cr.shopping.naver.com/adcr.nhn?x=kVuUo7Iw4EPESbkHopKckP%2F%2F%2Fw%3D%3DsnjO40%2BUOD9BLSe1xQpnry9Y0Fwhykw35fq3eWexZWOBWQE1WikGGRjsm7ORTamZ7FMW0cDR77yrqK0pTMA9PvaV5P852Tho3ZS2KKB2xjxFj31BCno%2FP0FyL1mg9my8sQ6bC0oEimIV4teoVJaDD97uVw3GdaDAvxDSjC3cnt2Z%2F22ms%2BW8TiQQNz%2FOHMMFFZMbsN9ZLPm%2BLxxy0wdA3oDw2E1v5nr5m5whqpvpNqmHDpmNu2Rs3tEPrV0ZTODsbWqyaFa2xLbpwGCJChqMDqh7hC855%2BTM3rDXBsx5B2yNAAnPXPn6QF6qWt7cpLTZAK98KaIZa4VBE0V5wqYGSTpVxpCLTC9HOXA6CYj9qCnKMHn7BDBNaqXNmoKbAeTMvOxyKyJ%2F%2F1cSjSVkWtHTDubyxD5vvV0mz7PlLUp8WujTctFruGLG5iB9Trz5%2FP6ibhTSeM%2BadXFmlWOey%2FaeVywRB3ykfIrCp01b7wG2T7W8L01Hi6Wtfg7YohAs8Dwnv1HgNnRBKThOVdW%2F2Gv7SKFr8KYJp0ZKPMrq0hMittOKb7uEFQmDHm5AUJFtsSuTLQKItC0%2FYdT5PdtNLl6jYO%2BLjjPzIIx%2BbxkcBJVJFe%2FjC1NmCNrZ%2BMMgflMo4C9QEo%2BbZ6oVv6IZ%2FVyig1Q8cFgN%2BQsjK6V0FLd%2Fybx7qcubNSE3OzZUT76KyqzckASmm&nvMid=84389270157&catId=50001519
